<Defs>
    <DesignatorDropdownGroupDef>
		<defName>Patient_VisibleCeilingLamps</defName> 
	</DesignatorDropdownGroupDef>
    <DesignatorDropdownGroupDef>
		<defName>Patient_UvCeilingLamps</defName> 
	</DesignatorDropdownGroupDef>

    <ThingDef Name="Patient_Visible_Ceiling_Lamp_Base" ParentName="LampBase" Abstract="True">
        <defName>Patient_VisibleCeilingLamp_Base</defName>
        <label>Standard Ceiling Light Base Definition.</label>
        <description>Help, I'm trapped in the coding factory! If you can read this, tell the mod author!</description>
        <placeWorkers>
            <li MayRequire="Owlchemist.CeilingUtilities">CeilingUtilities.PlaceWorker_OnlyUnderRoof</li>
        </placeWorkers>
        <fillPercent>0</fillPercent>
        <passability>Standable</passability>
        <blockWind>false</blockWind>
        <clearBuildingArea>false</clearBuildingArea>
        <tickerType>Rare</tickerType>
        <altitudeLayer>Blueprint</altitudeLayer>
        <selectable>true</selectable>
        <building>
            <ai_chillDestination>false</ai_chillDestination>
            <isInert>true</isInert>
            <isEdifice>false</isEdifice>
        </building>
        <terrainAffordanceNeeded>Light</terrainAffordanceNeeded>
        <graphicData>
            <color>(1.0,1.0,1.0,0.5)</color>
            <shaderType>Transparent</shaderType>
        </graphicData>
        <thingCategories Inherit="True" />
        <statBases>
            <WorkToBuild>375</WorkToBuild>
            <Mass>3.5</Mass>
            <Flammability>0</Flammability>
        </statBases>
        <researchPrerequisites>
            <li>Electricity</li>
        </researchPrerequisites>
        <minifiedDef>MinifiedThing</minifiedDef>
        <castEdgeShadows>false</castEdgeShadows>
        <pathCost>0</pathCost>
        <drawerType>RealtimeOnly</drawerType>
        <blockLight>false</blockLight>
        <holdsRoof>false</holdsRoof>
        <constructEffect>ConstructMetal</constructEffect>
    </ThingDef>

    <ThingDef Name="Patient_Visible_Ceiling_Light" ParentName="Patient_Visible_Ceiling_Lamp_Base">
        <defName>Patient_VisibleCeilingLight</defName>
        <label>Ceiling Lamp</label>
        <description>A hanging lamp used to light an area. Leaves the ground free for your stockpiles and work benches!</description>
        <designatorDropdown>Patient_VisibleCeilingLamps</designatorDropdown>
        <graphicData>
            <texPath>round-extra-large-ceiling-light</texPath>
        </graphicData>
        <uiIconPath>ui_standard-ceiling-light</uiIconPath>
        <comps>
            <li Class="CompProperties_Glower">
                <glowRadius>12</glowRadius>
                <glowColor>(217,217,208,0)</glowColor>
            </li>
            <li Class="CompProperties_Power">
                <compClass>CompPowerTrader</compClass>
                <shortCircuitInRain>true</shortCircuitInRain>
                <basePowerConsumption>20</basePowerConsumption>
            </li>
            <li Class="CompProperties_Flickable"/>
            <li MayRequire="Merthsoft.AutoLightSwitch" Class="Merthsoft.AutoOnAutoOff.CompProperties.ProximityPower">
                <checkRate>100</checkRate>
                <autoOn>true</autoOn>
                <autoOff>true</autoOff>
                <showOverrideButton>true</showOverrideButton>
            </li>
        </comps>
        <costList>
            <Steel>15</Steel>
        </costList>
    </ThingDef>

    <ThingDef ParentName="Patient_Visible_Ceiling_Light">
        <defName>Patient_SquareCeilingLight</defName>
        <label>Square Ceiling Lamp</label>
        <designatorDropdown>Patient_VisibleCeilingLamps</designatorDropdown>
        <description>A square hanging lamp used to light an area. Leaves the ground free for your stockpiles and work benches!</description>
        <uiIconPath>ui_square-ceiling-light</uiIconPath>
        <graphicData>
            <texPath>square-ceiling-light</texPath>
        </graphicData>
    </ThingDef>

    <ThingDef ParentName="Patient_Visible_Ceiling_Lamp_Base">
        <defName>Patient_LargeVisibleCeilingLight</defName>
        <label>Large Ceiling Lamp</label>
        <description>A large hanging lamp used to light an area. Leaves the ground free for your stockpiles and work benches!</description>
        <designatorDropdown>Patient_VisibleCeilingLamps</designatorDropdown>
        <graphicData>
            <texPath>large-ceiling-light</texPath>
            <graphicClass>Graphic_Multi</graphicClass>
            <drawSize>(2,1)</drawSize>
            <damageData>
				<cornerTL>Damage/Corner</cornerTL>
				<cornerTR>Damage/Corner</cornerTR>
				<cornerBL>Damage/Corner</cornerBL>
				<cornerBR>Damage/Corner</cornerBR>
			</damageData>
        </graphicData>
        <statBases>
            <Mass>4.5</Mass>
            <WorkToBuild>400</WorkToBuild>
        </statBases>
        <size>(2,1)</size>
        <defaultPlacingRot>South</defaultPlacingRot>
        <rotatable>true</rotatable>
        <uiIconPath>ui_large-standard-ceiling-light</uiIconPath>
        <comps>
            <li Class="CompProperties_Glower">
                <glowRadius>12</glowRadius>
                <glowColor>(217,217,208,0)</glowColor>
            </li>
            <li Class="CompProperties_Power">
                <compClass>CompPowerTrader</compClass>
                <shortCircuitInRain>true</shortCircuitInRain>
                <basePowerConsumption>20</basePowerConsumption>
            </li>
            <li Class="CompProperties_Flickable"/>
            <li MayRequire="Merthsoft.AutoLightSwitch" Class="Merthsoft.AutoOnAutoOff.CompProperties.ProximityPower">
                <checkRate>100</checkRate>
                <autoOn>true</autoOn>
                <autoOff>true</autoOff>
                <showOverrideButton>true</showOverrideButton>
            </li>
        </comps>
        <costList>
            <Steel>20</Steel>
        </costList>
    </ThingDef>

    <ThingDef Name="Patient_XL_Ceiling_Light" ParentName="Patient_Visible_Ceiling_Lamp_Base">
        <defName>Patient_XLCeilingLight</defName>
        <label>XL Ceiling Lamp</label>
        <description>An extra large hanging lamp used to light an area. Leaves the ground free for your stockpiles and work benches!</description>
        <designatorDropdown>Patient_VisibleCeilingLamps</designatorDropdown>
        <graphicData>
            <texPath>round-extra-large-ceiling-light</texPath>
            <graphicClass>Graphic_Multi</graphicClass>
            <drawSize>(2,2)</drawSize>
            <damageData>
				<cornerTL>Damage/Corner</cornerTL>
				<cornerTR>Damage/Corner</cornerTR>
				<cornerBL>Damage/Corner</cornerBL>
				<cornerBR>Damage/Corner</cornerBR>
			</damageData>
        </graphicData>
        <statBases>
            <Mass>5</Mass>
            <WorkToBuild>500</WorkToBuild>
        </statBases>
        <size>(2,2)</size>
        <defaultPlacingRot>North</defaultPlacingRot>
        <rotatable>false</rotatable>
        <uiIconPath>ui_xl-ceiling-light</uiIconPath>
        <comps>
            <li Class="CompProperties_Glower">
                <glowRadius>18</glowRadius>
                <glowColor>(217,217,208,0)</glowColor>
            </li>
            <li Class="CompProperties_Power">
                <compClass>CompPowerTrader</compClass>
                <shortCircuitInRain>true</shortCircuitInRain>
                <basePowerConsumption>30</basePowerConsumption>
            </li>
            <li Class="CompProperties_Flickable"/>
            <li MayRequire="Merthsoft.AutoLightSwitch" Class="Merthsoft.AutoOnAutoOff.CompProperties.ProximityPower">
                <checkRate>100</checkRate>
                <autoOn>true</autoOn>
                <autoOff>true</autoOff>
                <showOverrideButton>true</showOverrideButton>
            </li>
        </comps>
        <costList>
            <Steel>30</Steel>
        </costList>
    </ThingDef>

    <ThingDef ParentName="Patient_XL_Ceiling_Light">
        <defName>Patient_XlSquareCeilingLight</defName>
        <label>XL Square Ceiling Lamp</label>
        <description>A square extra large hanging lamp used to light an area. Leaves the ground free for your stockpiles and work benches!</description>
        <designatorDropdown>Patient_VisibleCeilingLamps</designatorDropdown>
        <graphicData>
            <texPath>extra-large-ceiling-light</texPath>
        </graphicData>
        <uiIconPath>ui_square-xl-ceiling-light</uiIconPath>
    </ThingDef>

    <ThingDef Name="Uv_Ceiling_Light" ParentName="Patient_Visible_Ceiling_Lamp_Base">
        <defName>Patient_VisibleCeilingLight_UV</defName>
        <label>UV Ceiling Lamp</label>
        <description>A hanging UV Light, capable of growing plants. It is more efficient than a standard Sun Lamp and leaves the ground free for an additional plant; however, these efficiencies require additional effort to build.</description>
        <designatorDropdown>Patient_UvCeilingLamps</designatorDropdown>
        <graphicData>
            <texPath>uv-ceiling-light</texPath>
        </graphicData>
        <uiIconPath>ui_uv-ceiling-light</uiIconPath>
        <costList>
            <Steel>35</Steel>
        </costList>
        <statBases>
            <WorkToBuild>600</WorkToBuild>
        </statBases>
        <comps>
            <li Class="CompProperties_Glower">
                <overlightRadius>7.0</overlightRadius>
                <glowRadius>14</glowRadius>
                <glowColor>(370,370,370,0)</glowColor>
            </li>
            <li Class="CompProperties_Power">
                <compClass>CompPowerTrader</compClass>
                <shortCircuitInRain>true</shortCircuitInRain>
                <basePowerConsumption>1000</basePowerConsumption>
            </li>
            <li Class="CompProperties_Schedule">
                <!-- Match plant growing times -->
                <startTime>0.25</startTime>
                <endTime>0.8</endTime>
                <offMessage>Off for plant resting period</offMessage>
            </li>
            <li Class="CompProperties_HeatPusher">
                <compClass>CompHeatPusherPowered</compClass>
                <heatPerSecond>3</heatPerSecond>
            </li>
        </comps>
        <specialDisplayRadius>5.8</specialDisplayRadius>
    </ThingDef>

    <ThingDef ParentName="Uv_Ceiling_Light">
        <defName>Patient_SquareUvCeilingLight</defName>
        <label>Square UV Ceiling Lamp</label>
        <description>A square hanging UV Light, capable of growing plants. It is more efficient than a standard Sun Lamp and leaves the ground free for an additional plant; however, these efficiencies require additional effort to build.</description>
        <designatorDropdown>Patient_UvCeilingLamps</designatorDropdown>
        <graphicData>
            <texPath>uv-square-ceiling-light</texPath>
        </graphicData>
        <uiIconPath>ui_square-uv-ceiling-light</uiIconPath>
    </ThingDef>
</Defs>


